Residue_1,Residue_2,Num_Hydrogen_Bonds
ILE-43,THR-3,2
ILE-41,TRP-5,2
ASP-39,SER-7,2
ALA-9,TYR-37,1
ALA-9,LEU-35,1
LEU-104,LYS-10,1
GLN-33,LEU-11,2
LEU-13,LEU-31,1
LEU-31,PHE-14,1
LEU-15,SER-208,1
ASP-210,LEU-15,1
GLN-29,TYR-16,2
ILE-17,THR-194,1
THR-18,THR-27,1
GLY-19,THR-27,1
ARG-21,TYR-25,1
ARG-21,GLY-24,1
ALA-153,THR-30,2
ALA-151,PHE-32,2
ALA-273,PHE-34,2
ASP-36,LYS-271,1
ASP-95,THR-40,2
SER-42,SER-93,2
ASN-91,GLU-44,2
ARG-46,GLY-89,2
GLY-49,GLY-87,1
ALA-90,ASP-50,1
ALA-90,ARG-52,1
ARG-52,ILE-92,1
ILE-92,LEU-54,1
VAL-57,VAL-60,1
ASP-64,GLU-61,1
ASN-65,GLU-61,1
ASN-65,HIS-62,1
ASN-65,VAL-68,1
ARG-69,ASN-65,1
ALA-70,LEU-66,1
ALA-71,ILE-67,1
ALA-71,VAL-68,1
ARG-72,VAL-68,1
ARG-69,LEU-73,1
ALA-70,LEU-73,1
ALA-70,LEU-74,1
ALA-71,MET-75,1
ARG-72,LYS-76,1
LEU-73,THR-77,1
LEU-74,THR-77,1
ALA-78,LEU-74,1
ALA-79,MET-75,1
ASP-80,LYS-76,1
SER-81,THR-77,1
ALA-78,SER-81,1
ALA-78,ARG-83,1
ALA-79,GLY-82,1
PRO-85,SER-88,1
CYS-243,GLY-102,1
GLY-105,SER-109,1
ASN-110,GLY-106,1
ASN-110,GLY-107,1
ALA-111,GLY-107,1
ALA-112,SER-108,1
ALA-112,SER-109,1
SER-109,THR-113,1
ASN-110,THR-113,1
ASN-110,VAL-114,1
ALA-111,VAL-114,1
ALA-111,LEU-115,1
ALA-112,LEU-115,1
ALA-112,VAL-116,1
ALA-117,THR-113,1
LEU-118,VAL-114,1
ASN-119,LEU-115,1
HIS-120,VAL-116,1
ALA-117,HIS-120,1
ALA-117,LEU-121,1
LEU-118,TRP-122,1
ASN-119,GLN-123,1
ASN-119,CYS-124,1
GLN-123,HIS-120,1
GLU-130,SER-127,1
LEU-131,SER-127,1
ALA-132,MET-128,1
ALA-132,ASP-129,1
ASP-129,GLU-133,1
GLU-130,GLU-133,1
GLU-130,MET-134,1
GLY-135,LEU-131,1
ALA-132,LEU-136,1
GLU-133,LEU-136,1
MET-134,THR-137,1
GLY-135,LEU-138,1
GLY-135,GLY-139,1
GLY-139,VAL-142,1
PHE-145,VAL-142,1
VAL-142,VAL-146,1
PRO-143,VAL-146,1
ARG-147,PRO-143,1
GLY-148,VAL-144,1
GLY-148,SER-276,1
ALA-150,ASN-274,1
ALA-150,VAL-163,1
PHE-152,THR-161,2
GLU-154,ILE-159,2
GLU-154,GLY-157,1
GLY-272,LYS-168,1
PHE-248,TRP-169,2
ALA-270,TYR-170,2
ALA-246,LEU-171,2
PHE-268,VAL-172,2
ALA-173,VAL-244,2
HIS-174,LEU-265,1
ASN-266,HIS-174,1
PRO-175,VAL-177,1
PRO-180,VAL-183,1
ILE-184,THR-181,1
PHE-185,THR-181,1
PHE-185,PRO-182,1
LYS-186,PRO-182,1
ASP-187,ILE-184,1
ASP-187,LEU-190,1
SER-198,THR-201,1
LEU-202,SER-198,1
ILE-199,LEU-202,1
ILE-199,LEU-203,1
LYS-204,THR-201,1
CYS-205,LEU-202,1
ASN-209,GLU-212,1
CYS-211,ILE-214,1
ALA-215,CYS-211,1
ARG-216,GLU-212,1
LYS-217,VAL-213,1
ILE-214,LYS-217,1
ARG-218,ILE-214,1
ALA-215,PHE-219,1
PHE-219,VAL-222,1
ASP-223,PHE-219,1
ALA-224,ARG-220,1
ALA-224,GLU-221,1
GLU-221,VAL-225,1
VAL-222,VAL-225,1
LEU-226,VAL-222,1
ASP-223,SER-227,1
ALA-224,SER-227,1
ALA-224,TRP-228,1
TRP-228,VAL-225,1
LEU-229,VAL-225,1
LEU-226,LEU-229,1
LEU-226,LEU-230,1
LEU-229,TYR-232,1
ALA-233,LEU-229,1
GLU-247,PRO-234,1
ARG-236,PHE-245,2
CYS-243,THR-238,1
GLY-241,THR-238,1
ALA-254,THR-250,1
ARG-255,GLU-251,1
GLN-256,SER-252,1
GLN-256,GLU-253,1
GLU-253,VAL-257,1
ALA-254,VAL-257,1
ALA-254,LEU-258,1
ARG-255,GLU-259,1
GLN-256,GLU-259,1
GLN-256,GLN-260,1
GLN-260,VAL-257,1
ALA-261,VAL-257,1
ALA-261,LEU-258,1
LEU-265,PRO-262,1
ASN-266,GLU-263,1
HIS-279,SER-276,1
ARG-280,SER-276,1
ALA-281,PRO-277,1
ALA-281,LEU-278,1
LEU-278,MET-282,1
HIS-279,MET-282,1
HIS-279,LEU-283,1
ARG-280,LEU-283,1
